Company,Profit,Potential Score,Risk Score,Action
CSX,5.1867437,8.641383,5.181173914191544,Hold
VRSK,2.8607554,4.7661667,34.326089658068895,Hold
PCAR,-0.60022146,-1.0,8.136286116013505,Get Rid
CTAS,2.0698147,3.4484184,92.3186536102287,Hold
FAST,2.186661,3.6430905,11.061934325063833,Hold
VRSN,2.325254,3.8739934,31.45205656929767,Hold
CPRT,0.10251981,0.17080331,15.9831339429641,Hold
